User,Video,Opinion
guy,a,like
guy,y,
guy,r,dislike
guy,e,
guy,w,
guy,b,like
guy,c,
guy,d,
guy,g,
guy,f,dislike
guy,k,
guy,j,
guy,i,
guy,h,like
guy,l,dislike
guy,m,like
guy,n,
guy,o,like
guy,q,
guy,p,
guy,u,
guy,s,dislike
guy,t,dislike
guy,v,
guy,x,
guy,z,like
guy,zaz,like
guy,soz,
guy,der,
guy,can,dislike
guy,vor,dislike
guy,dah,
guy,pickle,dislike
guy,nozzle,dislike
guy,friend,dislike
guy,hello,
guy,ok,
guy,sure,like
guy,what,
guy,why,
guy,how,like
guy,who,dislike
guy,when,like
guy,seven,
guy,cards,
guy,gantz,dislike
guy,love,
guy,loser,
guy,rock,
guy,granite,like
fif,a,like
fif,y,
fif,r,dislike
fif,e,
fif,w,
fif,b,like
fif,c,
fif,d,
fif,g,
fif,f,like
fif,k,
fif,j,
fif,i,
fif,h,like
fif,l,dislike
fif,m,like
fif,n,
fif,o,dislike
fif,q,
fif,p,
fif,u,
fif,s,dislike
fif,t,dislike
fif,v,
fif,x,
fif,z,like
fif,zaz,dislike
fif,soz,
fif,der,
fif,can,dislike
fif,vor,dislike
fif,dah,
fif,pickle,like
fif,nozzle,like
fif,friend,like
fif,hello,
fif,ok,
fif,sure,dislike
fif,what,
fif,why,
fif,how,dislike
fif,who,dislike
fif,when,dislike
fif,seven,
fif,cards,
fif,names,dislike
fif,raves,
fif,loser,
fif,rosks,
fif,granite,like
stan,a,like
stan,y,
stan,r,dislike
stan,e,
stan,w,
stan,b,like
stan,c,
stan,d,
stan,g,
stan,f,dislike
stan,k,
stan,j,
stan,i,
stan,h,like
stan,l,dislike
stan,m,like
stan,n,
stan,o,like
stan,q,
stan,p,
stan,u,
stan,s,dislike
stan,t,dislike
stan,v,
stan,x,
stan,z,like
stan,zaz,like
stan,soz,
stan,der,
stan,can,dislike
stan,vor,dislike
stan,dah,
stan,pickle,dislike
stan,nozzle,dislike
stan,friend,dislike
stan,hello,
stan,ok,
stan,sure,like
stan,what,
stan,why,
stan,how,like
stan,who,dislike
stan,when,dislike
stan,seven,
stan,cards,
stan,names,dislike
stan,raves,
stan,loser,
stan,rosks,
stan,granite,like
stan,wa,
stan,wwwa,
stan,wwa,
stan,kkkkkkk,
stan,whambam,
stan,nice,
stan,eee,like
stan,eeee,
stan,eekekk,
stan,ffggf,
stan,asdf,
stan,sfdg,
stan,dgh,
stan,fjhj,
stan,jyjy,
stan,gg,
stan,yjyj,
stan,dfgghh,
stan,ertttt,
stan,rrtetee,
stan,ippppi,
stan,ioioio,
stan,ewrwwwq,
stan,wqqqqq,
stan,wwwwweq,
stan,hhhgffddd,
stan,ssnnvvmm,
stan,bbbbbb,
stan,sssgsssggs,
stan,ddddfe,
stan,rfvxcbg,
stan,cxaaff,
stan,sghfhjyn,
stan,vrscfg,
stan,fnghjfbg,
stan,cfgs,
stan,fdsfss,like
stan,yyt,
stan,yyzs,
stan,zzsz,
stan,sasah,
stan,reiner,
stan,good,
stan,gab,
stan,goboo,
stan,booogoo,
stan,asda,
stan,vgfjdc,
stan,sdfgdsgrg,
stan,dfgsg,
stan,asdaddddddg,
